qid,category,correct_answer,tone,model,run,num_options,question_idx,response_raw,extracted,extraction_strategy,correct,extraction_failed,timestamp
2926,biology,I,Very Polite,gpt-5.2,0,10,0,I,I,Strategy 1: Exact single letter,True,False,2026-02-08T20:49:35.155866
586,business,F,Very Polite,gpt-5.2,0,10,1,F,F,Strategy 1: Exact single letter,True,False,2026-02-08T20:49:35.155866
4315,chemistry,J,Very Polite,gpt-5.2,0,10,2,J,J,Strategy 1: Exact single letter,True,False,2026-02-08T20:49:35.155866
10532,computer science,B,Very Polite,gpt-5.2,0,10,3,I,I,Strategy 1: Exact single letter,False,False,2026-02-08T20:49:35.155866
7329,economics,B,Very Polite,gpt-5.2,0,10,4,B,B,Strategy 1: Exact single letter,True,False,2026-02-08T20:49:35.155866
11862,engineering,C,Very Polite,gpt-5.2,0,10,5,I,I,Strategy 1: Exact single letter,False,False,2026-02-08T20:49:35.157371
6089,health,B,Very Polite,gpt-5.2,0,10,6,B,B,Strategy 1: Exact single letter,True,False,2026-02-08T20:49:35.157371
4942,history,F,Very Polite,gpt-5.2,0,10,7,F,F,Strategy 1: Exact single letter,True,False,2026-02-08T20:49:35.157371
1200,law,D,Very Polite,gpt-5.2,0,7,8,E,E,Strategy 1: Exact single letter,False,False,2026-02-08T20:49:35.157371
8058,math,I,Very Polite,gpt-5.2,0,10,9,I,I,Strategy 1: Exact single letter,True,False,2026-02-08T20:49:35.157371
2926,biology,I,Polite,gpt-5.2,0,10,0,I,I,Strategy 1: Exact single letter,True,False,2026-02-08T20:50:10.386551
586,business,F,Polite,gpt-5.2,0,10,1,F,F,Strategy 1: Exact single letter,True,False,2026-02-08T20:50:10.387553
4315,chemistry,J,Polite,gpt-5.2,0,10,2,J,J,Strategy 1: Exact single letter,True,False,2026-02-08T20:50:10.387553
10532,computer science,B,Polite,gpt-5.2,0,10,3,I,I,Strategy 1: Exact single letter,False,False,2026-02-08T20:50:10.388706
7329,economics,B,Polite,gpt-5.2,0,10,4,B,B,Strategy 1: Exact single letter,True,False,2026-02-08T20:50:10.388706
11862,engineering,C,Polite,gpt-5.2,0,10,5,D,D,Strategy 1: Exact single letter,False,False,2026-02-08T20:50:10.388706
6089,health,B,Polite,gpt-5.2,0,10,6,B,B,Strategy 1: Exact single letter,True,False,2026-02-08T20:50:10.389707
4942,history,F,Polite,gpt-5.2,0,10,7,F,F,Strategy 1: Exact single letter,True,False,2026-02-08T20:50:10.389707
1200,law,D,Polite,gpt-5.2,0,7,8,E,E,Strategy 1: Exact single letter,False,False,2026-02-08T20:50:10.389707
8058,math,I,Polite,gpt-5.2,0,10,9,I,I,Strategy 1: Exact single letter,True,False,2026-02-08T20:50:10.390709
2926,biology,I,Neutral,gpt-5.2,0,10,0,I,I,Strategy 1: Exact single letter,True,False,2026-02-08T20:50:41.567749
586,business,F,Neutral,gpt-5.2,0,10,1,F,F,Strategy 1: Exact single letter,True,False,2026-02-08T20:50:41.567749
4315,chemistry,J,Neutral,gpt-5.2,0,10,2,J,J,Strategy 1: Exact single letter,True,False,2026-02-08T20:50:41.567749
10532,computer science,B,Neutral,gpt-5.2,0,10,3,I,I,Strategy 1: Exact single letter,False,False,2026-02-08T20:50:41.567749
7329,economics,B,Neutral,gpt-5.2,0,10,4,B,B,Strategy 1: Exact single letter,True,False,2026-02-08T20:50:41.568826
11862,engineering,C,Neutral,gpt-5.2,0,10,5,D,D,Strategy 1: Exact single letter,False,False,2026-02-08T20:50:41.568826
6089,health,B,Neutral,gpt-5.2,0,10,6,B,B,Strategy 1: Exact single letter,True,False,2026-02-08T20:50:41.568826
4942,history,F,Neutral,gpt-5.2,0,10,7,F,F,Strategy 1: Exact single letter,True,False,2026-02-08T20:50:41.568826
1200,law,D,Neutral,gpt-5.2,0,7,8,E,E,Strategy 1: Exact single letter,False,False,2026-02-08T20:50:41.568826
8058,math,I,Neutral,gpt-5.2,0,10,9,I,I,Strategy 1: Exact single letter,True,False,2026-02-08T20:50:41.569826
2926,biology,I,Rude,gpt-5.2,0,10,0,I,I,Strategy 1: Exact single letter,True,False,2026-02-08T20:51:14.036277
586,business,F,Rude,gpt-5.2,0,10,1,F,F,Strategy 1: Exact single letter,True,False,2026-02-08T20:51:14.036277
4315,chemistry,J,Rude,gpt-5.2,0,10,2,J,J,Strategy 1: Exact single letter,True,False,2026-02-08T20:51:14.037273
10532,computer science,B,Rude,gpt-5.2,0,10,3,I,I,Strategy 1: Exact single letter,False,False,2026-02-08T20:51:14.037273
7329,economics,B,Rude,gpt-5.2,0,10,4,B,B,Strategy 1: Exact single letter,True,False,2026-02-08T20:51:14.037784
11862,engineering,C,Rude,gpt-5.2,0,10,5,D,D,Strategy 1: Exact single letter,False,False,2026-02-08T20:51:14.037784
6089,health,B,Rude,gpt-5.2,0,10,6,B,B,Strategy 1: Exact single letter,True,False,2026-02-08T20:51:14.038789
4942,history,F,Rude,gpt-5.2,0,10,7,F,F,Strategy 1: Exact single letter,True,False,2026-02-08T20:51:14.038789
1200,law,D,Rude,gpt-5.2,0,7,8,E,E,Strategy 1: Exact single letter,False,False,2026-02-08T20:51:14.038789
8058,math,I,Rude,gpt-5.2,0,10,9,I,I,Strategy 1: Exact single letter,True,False,2026-02-08T20:51:14.038789
2926,biology,I,Very Rude,gpt-5.2,0,10,0,I,I,Strategy 1: Exact single letter,True,False,2026-02-08T20:51:42.377425
586,business,F,Very Rude,gpt-5.2,0,10,1,F,F,Strategy 1: Exact single letter,True,False,2026-02-08T20:51:42.377425
4315,chemistry,J,Very Rude,gpt-5.2,0,10,2,J,J,Strategy 1: Exact single letter,True,False,2026-02-08T20:51:42.378437
10532,computer science,B,Very Rude,gpt-5.2,0,10,3,I,I,Strategy 1: Exact single letter,False,False,2026-02-08T20:51:42.378437
7329,economics,B,Very Rude,gpt-5.2,0,10,4,B,B,Strategy 1: Exact single letter,True,False,2026-02-08T20:51:42.378437
11862,engineering,C,Very Rude,gpt-5.2,0,10,5,I,I,Strategy 1: Exact single letter,False,False,2026-02-08T20:51:42.379447
6089,health,B,Very Rude,gpt-5.2,0,10,6,B,B,Strategy 1: Exact single letter,True,False,2026-02-08T20:51:42.379447
4942,history,F,Very Rude,gpt-5.2,0,10,7,F,F,Strategy 1: Exact single letter,True,False,2026-02-08T20:51:42.380444
1200,law,D,Very Rude,gpt-5.2,0,7,8,E,E,Strategy 1: Exact single letter,False,False,2026-02-08T20:51:42.380444
8058,math,I,Very Rude,gpt-5.2,0,10,9,I,I,Strategy 1: Exact single letter,True,False,2026-02-08T20:51:42.381445
2926,biology,I,Very Polite,sonnet-4.5,0,10,0,I,I,Strategy 1: Exact single letter,True,False,2026-02-08T20:51:52.427158
586,business,F,Very Polite,sonnet-4.5,0,10,1,"I need to calculate how the $28,600 net income is divided.

Step 1: Mr. Gafney gets 4% of net income as manager
4% × $28,600 = $1,144

Step 2: Each partner gets 6% interest on investment
Mr. Gafney: 6% × $40,000 = $2,400
Ms. Medina: 6% × $50,000 = $3,000

Step 3: Calculate remaining income
$28,600 - $1,144 - $2,400 - $3,000 = $22,056

Step 4: Divide remaining income equally
Each gets: $22,056 ÷ 2 = $11,028

Step 5: Calculate total for each partner
Mr. Gafney: $1,144 + $2,400 + $11,028 = $14,572
Ms. Medina: $3,000 + $11,028 = $14,028

The answer is F.",I,"Strategy 3: ""Answer: X""",False,False,2026-02-08T20:51:52.429444
4315,chemistry,J,Very Polite,sonnet-4.5,0,10,2,"I need to use Raoult's Law to solve this problem.

Raoult's Law: P_solution = X_solvent × P°_solvent

Where:
- P_solution = 615 torr
- P°_solvent = 640 torr
- X_solvent = mole fraction of benzene

First, find the mole fraction of benzene:
615 = X_benzene × 640
X_benzene = 615/640 = 0.9609375

Since X_benzene + X_solute = 1:
X_solute = 1 - 0.9609375 = 0.0390625

Now find moles of benzene:
n_benzene = 53.0 g / 78.0 g/mol = 0.6795 mol

Using mole fractions:
X_solute = n_solute / (n_solute + n_benzene)
0.0390625 = n_solute / (n_solute + 0.6795)

Solving for n_solute:
0.0390625(n_solute + 0.6795) = n_solute
0.0390625 n_solute + 0.02655 = n_solute
0.02655 = n_solute - 0.0390625 n_solute
0.02655 = 0.9609375 n_solute
n_solute = 0.02762 mol

Molecular weight = mass / moles
MW = 3.68 g / 0.02762 mol = 133.2 g/mol

The closest answer is J) 133.8 g/mole

J",I,"Strategy 3: ""Answer: X""",False,False,2026-02-08T20:51:52.430935
10532,computer science,B,Very Polite,sonnet-4.5,0,10,3,I,I,Strategy 1: Exact single letter,False,False,2026-02-08T20:51:52.432115
7329,economics,B,Very Polite,sonnet-4.5,0,10,4,B,B,Strategy 1: Exact single letter,True,False,2026-02-08T20:51:52.434142
11862,engineering,C,Very Polite,sonnet-4.5,0,10,5,"To solve this problem, I need to find the diameter that can safely handle both the steady and fluctuating loads.

Given information:
- Steady load: 7,500 lbs
- Fluctuating load: 0 to 12,500 lbs
- Stress concentration factor (Kt): 2.1
- Factor of safety: 2.1
- Material: AISI-C1035 steel

For AISI-C1035 steel:
- Ultimate strength (Su) ≈ 85,000 psi
- Yield strength (Sy) ≈ 55,000 psi
- Endurance limit (Se) ≈ 0.5 × Su ≈ 42,500 psi

Load analysis:
- Mean load: Pm = 7,500 + (12,500 - 0)/2 = 7,500 + 6,250 = 13,750 lbs
- Alternating load: Pa = (12,500 - 0)/2 = 6,250 lbs

Stresses (in terms of diameter d):
- Mean stress: σm = 13,750/(π d²/4) = 17,507/d²
- Alternating stress: σa = 6,250/(π d²/4) = 7,958/d²

With stress concentration:
- σa (actual) = Kt × σa = 2.1 × 7,958/d² = 16,712/d²

Using modified Goodman criterion with factor of safety:
σa/Se + σm/Su = 1/n

(16,712/d²)/42,500 + (17,507/d²)/85,000 = 1/2.1

0.393/d² + 0.206/d² = 0.476

0.599/d² = 0.476

d² = 1.258

d = 1.12 inches

The closest standard size is 1 1/4 inches.

**A**",A,Strategy 3: Bold formatting,False,False,2026-02-08T20:51:52.438025
6089,health,B,Very Polite,sonnet-4.5,0,10,6,B,B,Strategy 1: Exact single letter,True,False,2026-02-08T20:51:52.439028
4942,history,F,Very Polite,sonnet-4.5,0,10,7,D,D,Strategy 1: Exact single letter,False,False,2026-02-08T20:51:52.441053
1200,law,D,Very Polite,sonnet-4.5,0,7,8,E,E,Strategy 1: Exact single letter,False,False,2026-02-08T20:51:52.442050
8058,math,I,Very Polite,sonnet-4.5,0,10,9,"To find the determinant of [[0, 1, 2], [7, 8, 3], [6, 5, 4]], I'll use the formula for a 3×3 matrix:

det = 0(8×4 - 3×5) - 1(7×4 - 3×6) + 2(7×5 - 8×6)
det = 0(32 - 15) - 1(28 - 18) + 2(35 - 48)
det = 0(17) - 1(10) + 2(-13)
det = 0 - 10 - 26
det = -36

I",I,Strategy 5: Last line,True,False,2026-02-08T20:51:52.444055
2926,biology,I,Polite,sonnet-4.5,0,10,0,I,I,Strategy 1: Exact single letter,True,False,2026-02-08T20:52:02.111523
586,business,F,Polite,sonnet-4.5,0,10,1,"I need to calculate how the $28,600 net income is divided.

Step 1: Mr. Gafney gets 4% of net income as manager
4% × $28,600 = $1,144

Step 2: Each partner gets 6% interest on investment
Mr. Gafney: 6% × $40,000 = $2,400
Ms. Medina: 6% × $50,000 = $3,000

Step 3: Calculate remaining income
$28,600 - $1,144 - $2,400 - $3,000 = $22,056

Step 4: Divide remaining income equally
Each gets: $22,056 ÷ 2 = $11,028

Step 5: Calculate total for each partner
Mr. Gafney: $1,144 + $2,400 + $11,028 = $14,572
Ms. Medina: $3,000 + $11,028 = $14,028

The answer is F.",I,"Strategy 3: ""Answer: X""",False,False,2026-02-08T20:52:02.112523
4315,chemistry,J,Polite,sonnet-4.5,0,10,2,"I need to use Raoult's Law to solve this problem.

Raoult's Law: P_solution = X_solvent × P°_solvent

Where:
- P_solution = 615 torr
- P°_solvent = 640 torr
- X_solvent = mole fraction of benzene

First, find the mole fraction of benzene:
615 = X_benzene × 640
X_benzene = 615/640 = 0.9609375

Since X_benzene + X_solute = 1:
X_solute = 1 - 0.9609375 = 0.0390625

Now find moles of benzene:
n_benzene = 53.0 g / 78.0 g/mol = 0.6795 mol

Using mole fractions:
X_solute = n_solute / (n_solute + n_benzene)
0.0390625 = n_solute / (n_solute + 0.6795)

Solving for n_solute:
0.0390625(n_solute + 0.6795) = n_solute
0.0390625 n_solute + 0.02655 = n_solute
0.02655 = n_solute - 0.0390625 n_solute
0.02655 = 0.9609375 n_solute
n_solute = 0.02762 mol

Molecular weight = mass / moles
MW = 3.68 g / 0.02762 mol = 133.2 g/mol

The closest answer is 133.8 g/mol.

J",I,"Strategy 3: ""Answer: X""",False,False,2026-02-08T20:52:02.113517
10532,computer science,B,Polite,sonnet-4.5,0,10,3,I,I,Strategy 1: Exact single letter,False,False,2026-02-08T20:52:02.114518
7329,economics,B,Polite,sonnet-4.5,0,10,4,B,B,Strategy 1: Exact single letter,True,False,2026-02-08T20:52:02.114518
11862,engineering,C,Polite,sonnet-4.5,0,10,5,"To solve this problem, I need to find the diameter that can withstand both steady and fluctuating loads with the given safety factor.

Given:
- Steady load: 7,500 lbs
- Fluctuating load: 0 to 12,500 lbs
- Stress concentration factor (Kt): 2.1
- Factor of safety: 2.1
- Material: AISI-C1035 steel

For AISI-C1035 steel:
- Ultimate strength (Su) ≈ 85,000 psi
- Yield strength (Sy) ≈ 55,000 psi
- Endurance limit (Se) ≈ 0.5 × Su ≈ 42,500 psi

Total load analysis:
- Mean load: Pm = 7,500 + (12,500/2) = 7,500 + 6,250 = 13,750 lbs
- Alternating load: Pa = 12,500/2 = 6,250 lbs

Mean stress: σm = Pm/A = 13,750/A
Alternating stress: σa = (Pa × Kt)/A = (6,250 × 2.1)/A = 13,125/A

Using modified Goodman criterion:
(σa/Se) + (σm/Su) = 1/n

Where n = 2.1 (factor of safety)

(13,125/A)/42,500 + (13,750/A)/85,000 = 1/2.1

(13,125)/(42,500×A) + (13,750)/(85,000×A) = 1/2.1

0.3088/A + 0.1618/A = 0.476

0.4706/A = 0.476

A = 0.4706/0.476 = 0.989 in²

d = √(4A/π) = √(4×0.989/π) = √1.259 = 1.122 in

The closest standard size is 1 1/4 in.

**A**",A,Strategy 3: Bold formatting,False,False,2026-02-08T20:52:02.117043
6089,health,B,Polite,sonnet-4.5,0,10,6,B,B,Strategy 1: Exact single letter,True,False,2026-02-08T20:52:02.118059
4942,history,F,Polite,sonnet-4.5,0,10,7,D,D,Strategy 1: Exact single letter,False,False,2026-02-08T20:52:02.119061
1200,law,D,Polite,sonnet-4.5,0,7,8,E,E,Strategy 1: Exact single letter,False,False,2026-02-08T20:52:02.120062
8058,math,I,Polite,sonnet-4.5,0,10,9,"To find the determinant of the 3×3 matrix [[0, 1, 2], [7, 8, 3], [6, 5, 4]], I'll use the formula:

det = 0(8×4 - 3×5) - 1(7×4 - 3×6) + 2(7×5 - 8×6)
det = 0(32 - 15) - 1(28 - 18) + 2(35 - 48)
det = 0(17) - 1(10) + 2(-13)
det = 0 - 10 - 26
det = -36

I",I,Strategy 5: Last line,True,False,2026-02-08T20:52:02.121058
2926,biology,I,Neutral,sonnet-4.5,0,10,0,I,I,Strategy 1: Exact single letter,True,False,2026-02-08T20:52:11.979056
586,business,F,Neutral,sonnet-4.5,0,10,1,"Looking at this problem, I need to distribute the $28,600 net income in three steps:

1) **Manager's share (Mr. Gafney)**: 4% of $28,600
   = 0.04 × $28,600 = $1,144

2) **Interest on investments** (6% each):
   - Mr. Gafney: 6% of $40,000 = $2,400
   - Ms. Medina: 6% of $50,000 = $3,000
   - Total interest: $5,400

3) **Remaining income divided equally**:
   - Remaining = $28,600 - $1,144 - $5,400 = $22,056
   - Each partner gets: $22,056 ÷ 2 = $11,028

**Total for each partner**:
- Mr. Gafney: $1,144 + $2,400 + $11,028 = $14,572
- Ms. Medina: $0 + $3,000 + $11,028 = $14,028

**C**",C,Strategy 3: Bold formatting,False,False,2026-02-08T20:52:11.980054
4315,chemistry,J,Neutral,sonnet-4.5,0,10,2,"To solve this problem, I need to use Raoult's Law for vapor pressure lowering.

Given:
- P°(benzene) = 640 torr
- P(solution) = 615 torr
- Mass of solute = 3.68 g
- Mass of benzene = 53.0 g
- MW of benzene = 78.0 g/mol

Using Raoult's Law:
P = P° × X(benzene)

where X(benzene) is the mole fraction of benzene.

615 = 640 × X(benzene)
X(benzene) = 615/640 = 0.9609375

Moles of benzene = 53.0/78.0 = 0.6795 mol

Let MW of solute = M
Moles of solute = 3.68/M

X(benzene) = moles of benzene/(moles of benzene + moles of solute)
0.9609375 = 0.6795/(0.6795 + 3.68/M)

0.9609375(0.6795 + 3.68/M) = 0.6795
0.6530 + 3.537/M = 0.6795
3.537/M = 0.0265
M = 3.537/0.0265
M = 133.5 g/mol

The closest answer is J) 133.8 g/mole

J",I,"Strategy 3: ""Answer: X""",False,False,2026-02-08T20:52:11.981053
10532,computer science,B,Neutral,sonnet-4.5,0,10,3,I,I,Strategy 1: Exact single letter,False,False,2026-02-08T20:52:11.982053
7329,economics,B,Neutral,sonnet-4.5,0,10,4,B,B,Strategy 1: Exact single letter,True,False,2026-02-08T20:52:11.982053
11862,engineering,C,Neutral,sonnet-4.5,0,10,5,"To solve this problem, I need to find the diameter that can withstand both steady and fluctuating loads.

Given:
- Steady load: 7,500 lbs
- Fluctuating load: 0 to 12,500 lbs
- Stress concentration factor (Kt): 2.1
- Factor of safety: 2.1
- Material: AISI-C1035 steel

For AISI-C1035 steel:
- Ultimate strength (Su) ≈ 85,000 psi
- Yield strength (Sy) ≈ 55,000 psi
- Endurance limit (Se) ≈ 0.5 × Su ≈ 42,500 psi

Load analysis:
- Mean load: Pm = 7,500 + (12,500 - 0)/2 = 7,500 + 6,250 = 13,750 lbs
- Alternating load: Pa = (12,500 - 0)/2 = 6,250 lbs

Mean stress: σm = Pm/A = 13,750/A
Alternating stress: σa = (Pa × Kt)/A = (6,250 × 2.1)/A = 13,125/A

Using modified Goodman criterion:
(σa/Se) + (σm/Su) = 1/n

Where n = 2.1 (factor of safety)

(13,125/A)/42,500 + (13,750/A)/85,000 = 1/2.1

(13,125)/(42,500×A) + (13,750)/(85,000×A) = 1/2.1

(13,125/42,500 + 13,750/85,000)/A = 1/2.1

(0.3088 + 0.1618)/A = 0.476

0.4706/A = 0.476

A = 0.4706/0.476 = 0.989 in²

d = √(4A/π) = √(4 × 0.989/π) = √1.259 = 1.122 in

The closest standard size is 1 1/4 in.

A",A,Strategy 5: Last line,False,False,2026-02-08T20:52:11.984055
6089,health,B,Neutral,sonnet-4.5,0,10,6,B,B,Strategy 1: Exact single letter,True,False,2026-02-08T20:52:11.984055
4942,history,F,Neutral,sonnet-4.5,0,10,7,D,D,Strategy 1: Exact single letter,False,False,2026-02-08T20:52:11.985051
1200,law,D,Neutral,sonnet-4.5,0,7,8,E,E,Strategy 1: Exact single letter,False,False,2026-02-08T20:52:11.985051
8058,math,I,Neutral,sonnet-4.5,0,10,9,"To find the determinant of the 3×3 matrix [[0, 1, 2], [7, 8, 3], [6, 5, 4]], I'll use the formula:

det = 0(8×4 - 3×5) - 1(7×4 - 3×6) + 2(7×5 - 8×6)

det = 0(32 - 15) - 1(28 - 18) + 2(35 - 48)

det = 0(17) - 1(10) + 2(-13)

det = 0 - 10 - 26

det = -36

I",I,Strategy 5: Last line,True,False,2026-02-08T20:52:11.985051
2926,biology,I,Rude,sonnet-4.5,0,10,0,I,I,Strategy 1: Exact single letter,True,False,2026-02-08T20:52:21.169245
586,business,F,Rude,sonnet-4.5,0,10,1,"Let me work through this step by step.

Given:
- Gafney invested: $40,000
- Medina invested: $50,000
- Net income: $28,600

Distribution order:
1. Gafney gets 4% of net income as manager
2. Each partner gets 6% interest on investment
3. Remaining divided equally

Step 1: Gafney's management fee
4% × $28,600 = $1,144

Step 2: Interest on investments
Gafney: 6% × $40,000 = $2,400
Medina: 6% × $50,000 = $3,000
Total interest: $5,400

Step 3: Remaining income
$28,600 - $1,144 - $5,400 = $22,056

Step 4: Split remaining equally
Each gets: $22,056 ÷ 2 = $11,028

Step 5: Total for each partner
Gafney: $1,144 + $2,400 + $11,028 = $14,572
Medina: $3,000 + $11,028 = $14,028

F",F,Strategy 5: Last line,True,False,2026-02-08T20:52:21.170245
4315,chemistry,J,Rude,sonnet-4.5,0,10,2,"I need to use Raoult's Law to find the molecular weight of the solute.

Raoult's Law: P_solution = X_solvent × P°_solvent

Where:
- P_solution = 615 torr
- P°_solvent = 640 torr
- X_solvent = mole fraction of benzene

First, find the mole fraction of benzene:
615 = X_benzene × 640
X_benzene = 615/640 = 0.9609375

Moles of benzene:
n_benzene = 53.0 g / 78.0 g/mol = 0.6795 mol

Since X_benzene = n_benzene / (n_benzene + n_solute):
0.9609375 = 0.6795 / (0.6795 + n_solute)
0.9609375(0.6795 + n_solute) = 0.6795
0.6529 + 0.9609375 × n_solute = 0.6795
0.9609375 × n_solute = 0.0266
n_solute = 0.02767 mol

Molecular weight of solute:
MW = 3.68 g / 0.02767 mol = 133.0 g/mol

The closest answer is 133.8 g/mol.

J",I,"Strategy 3: ""Answer: X""",False,False,2026-02-08T20:52:21.170245
10532,computer science,B,Rude,sonnet-4.5,0,10,3,I,I,Strategy 1: Exact single letter,False,False,2026-02-08T20:52:21.170245
7329,economics,B,Rude,sonnet-4.5,0,10,4,B,B,Strategy 1: Exact single letter,True,False,2026-02-08T20:52:21.171245
11862,engineering,C,Rude,sonnet-4.5,0,10,5,"To solve this problem, I need to find the diameter that can withstand both steady and fluctuating loads.

Given:
- Steady load: 7,500 lbs
- Fluctuating load: 0 to 12,500 lbs
- Stress concentration factor (Kt): 2.1
- Factor of safety: 2.1
- Material: AISI-C1035 steel

For AISI-C1035:
- Ultimate strength (Su) ≈ 85,000 psi
- Yield strength (Sy) ≈ 50,000 psi
- Endurance limit (Se) ≈ 0.5 × Su ≈ 42,500 psi

Load analysis:
- Mean load: Pm = 7,500 + (12,500-0)/2 = 7,500 + 6,250 = 13,750 lbs
- Alternating load: Pa = (12,500-0)/2 = 6,250 lbs

Stresses:
- Mean stress: σm = Pm/A = 13,750/A
- Alternating stress: σa = (Pa × Kt)/A = (6,250 × 2.1)/A = 13,125/A

Using Modified Goodman criterion with factor of safety:
σa/Se + σm/Su = 1/n

13,125/(A × 42,500) + 13,750/(A × 85,000) = 1/2.1

13,125/(A × 42,500) + 13,750/(A × 85,000) = 0.476

0.3088/A + 0.1618/A = 0.476

0.4706/A = 0.476

A = 0.989 in²

d = √(4A/π) = √(4 × 0.989/π) = √1.259 = 1.122 in

Closest standard size: 1 1/4 in.

A",A,Strategy 5: Last line,False,False,2026-02-08T20:52:21.171245
6089,health,B,Rude,sonnet-4.5,0,10,6,B,B,Strategy 1: Exact single letter,True,False,2026-02-08T20:52:21.171245
4942,history,F,Rude,sonnet-4.5,0,10,7,D,D,Strategy 1: Exact single letter,False,False,2026-02-08T20:52:21.172245
1200,law,D,Rude,sonnet-4.5,0,7,8,E,E,Strategy 1: Exact single letter,False,False,2026-02-08T20:52:21.172245
8058,math,I,Rude,sonnet-4.5,0,10,9,"To find the determinant of [[0, 1, 2], [7, 8, 3], [6, 5, 4]], I'll use the rule of Sarrus or cofactor expansion.

Using the first row:
det = 0(8×4 - 3×5) - 1(7×4 - 3×6) + 2(7×5 - 8×6)
det = 0(32 - 15) - 1(28 - 18) + 2(35 - 48)
det = 0(17) - 1(10) + 2(-13)
det = 0 - 10 - 26
det = -36

I",I,Strategy 5: Last line,True,False,2026-02-08T20:52:21.173246
2926,biology,I,Very Rude,sonnet-4.5,0,10,0,I,I,Strategy 1: Exact single letter,True,False,2026-02-08T20:52:30.641771
586,business,F,Very Rude,sonnet-4.5,0,10,1,"Let me work through this step-by-step:

1. Mr. Gafney gets 4% of net income as manager:
   4% × $28,600 = $1,144

2. Interest on investments (6% each):
   - Mr. Gafney: 6% × $40,000 = $2,400
   - Ms. Medina: 6% × $50,000 = $3,000

3. Remaining income after manager's share and interest:
   $28,600 - $1,144 - $2,400 - $3,000 = $22,056

4. Remaining income divided equally:
   $22,056 ÷ 2 = $11,028 each

5. Total for each partner:
   - Mr. Gafney: $1,144 + $2,400 + $11,028 = $14,572
   - Ms. Medina: $3,000 + $11,028 = $14,028

F",F,Strategy 5: Last line,True,False,2026-02-08T20:52:30.642770
4315,chemistry,J,Very Rude,sonnet-4.5,0,10,2,"I need to use Raoult's Law to find the molecular weight of the solute.

Raoult's Law: P_solution = X_solvent × P°_solvent

Where:
- P_solution = 615 torr
- P°_solvent = 640 torr
- X_solvent = mole fraction of benzene

First, find the mole fraction of benzene:
615 = X_benzene × 640
X_benzene = 615/640 = 0.9609375

Moles of benzene:
n_benzene = 53.0 g / 78.0 g/mol = 0.6795 mol

Since X_benzene = n_benzene / (n_benzene + n_solute):
0.9609375 = 0.6795 / (0.6795 + n_solute)
0.9609375(0.6795 + n_solute) = 0.6795
0.6529 + 0.9609375 × n_solute = 0.6795
0.9609375 × n_solute = 0.0266
n_solute = 0.0277 mol

Molecular weight of solute:
MW = 3.68 g / 0.0277 mol = 132.8 g/mol

The closest answer is J) 133.8 g/mole

J",I,"Strategy 3: ""Answer: X""",False,False,2026-02-08T20:52:30.642770
10532,computer science,B,Very Rude,sonnet-4.5,0,10,3,I,I,Strategy 1: Exact single letter,False,False,2026-02-08T20:52:30.642770
7329,economics,B,Very Rude,sonnet-4.5,0,10,4,B,B,Strategy 1: Exact single letter,True,False,2026-02-08T20:52:30.643774
11862,engineering,C,Very Rude,sonnet-4.5,0,10,5,"To solve this problem, I need to find the diameter that can withstand both steady and fluctuating loads.

Given:
- Steady load: 7,500 lbs
- Fluctuating load: 0 to 12,500 lbs
- Stress concentration factor (Kt): 2.1
- Factor of safety: 2.1
- Material: AISI-C1035 steel

For AISI-C1035:
- Ultimate strength (Su) ≈ 85,000 psi
- Yield strength (Sy) ≈ 50,000 psi
- Endurance limit (Se) ≈ 0.5 × Su ≈ 42,500 psi

Load analysis:
- Mean load: Pm = 7,500 + (12,500/2) = 14,000 lbs
- Alternating load: Pa = 12,500/2 = 6,250 lbs

Stresses:
- Mean stress: σm = Pm/A = 14,000/A
- Alternating stress: σa = (Pa × Kt)/A = (6,250 × 2.1)/A = 13,125/A

Using Modified Goodman criterion:
(σa/Se) + (σm/Su) = 1/n

Where n = 2.1 (factor of safety)

(13,125/A)/42,500 + (14,000/A)/85,000 = 1/2.1

(13,125/42,500 + 14,000/85,000)/A = 1/2.1

(0.3088 + 0.1647)/A = 0.476

0.4735/A = 0.476

A = 0.995 in²

Diameter: d = √(4A/π) = √(4 × 0.995/π) = 1.125 in ≈ 1 1/4 in

A",A,Strategy 5: Last line,False,False,2026-02-08T20:52:30.643774
6089,health,B,Very Rude,sonnet-4.5,0,10,6,B,B,Strategy 1: Exact single letter,True,False,2026-02-08T20:52:30.643774
4942,history,F,Very Rude,sonnet-4.5,0,10,7,D,D,Strategy 1: Exact single letter,False,False,2026-02-08T20:52:30.643774
1200,law,D,Very Rude,sonnet-4.5,0,7,8,E,E,Strategy 1: Exact single letter,False,False,2026-02-08T20:52:30.643774
8058,math,I,Very Rude,sonnet-4.5,0,10,9,"I need to find the determinant of the matrix:
[[0, 1, 2],
 [7, 8, 3],
 [6, 5, 4]]

Using the formula for a 3×3 determinant:
det = 0(8×4 - 3×5) - 1(7×4 - 3×6) + 2(7×5 - 8×6)
det = 0(32 - 15) - 1(28 - 18) + 2(35 - 48)
det = 0(17) - 1(10) + 2(-13)
det = 0 - 10 - 26
det = -36

I",I,Strategy 4: First word,True,False,2026-02-08T20:52:30.644769
2926,biology,I,Very Polite,gemini-3,0,10,0,I,I,Strategy 1: Exact single letter,True,False,2026-02-08T20:52:32.855956
586,business,F,Very Polite,gemini-3,0,10,1,D,D,Strategy 1: Exact single letter,False,False,2026-02-08T20:52:32.855956
4315,chemistry,J,Very Polite,gemini-3,0,10,2,G,G,Strategy 1: Exact single letter,False,False,2026-02-08T20:52:32.856955
10532,computer science,B,Very Polite,gemini-3,0,10,3,I,I,Strategy 1: Exact single letter,False,False,2026-02-08T20:52:32.856955
7329,economics,B,Very Polite,gemini-3,0,10,4,B,B,Strategy 1: Exact single letter,True,False,2026-02-08T20:52:32.858122
11862,engineering,C,Very Polite,gemini-3,0,10,5,I,I,Strategy 1: Exact single letter,False,False,2026-02-08T20:52:32.858122
6089,health,B,Very Polite,gemini-3,0,10,6,B,B,Strategy 1: Exact single letter,True,False,2026-02-08T20:52:32.858122
4942,history,F,Very Polite,gemini-3,0,10,7,F,F,Strategy 1: Exact single letter,True,False,2026-02-08T20:52:32.859123
1200,law,D,Very Polite,gemini-3,0,7,8,B,B,Strategy 1: Exact single letter,False,False,2026-02-08T20:52:32.859123
8058,math,I,Very Polite,gemini-3,0,10,9,I,I,Strategy 1: Exact single letter,True,False,2026-02-08T20:52:32.859123
2926,biology,I,Polite,gemini-3,0,10,0,I,I,Strategy 1: Exact single letter,True,False,2026-02-08T20:52:35.088832
586,business,F,Polite,gemini-3,0,10,1,B,B,Strategy 1: Exact single letter,False,False,2026-02-08T20:52:35.088832
4315,chemistry,J,Polite,gemini-3,0,10,2,G,G,Strategy 1: Exact single letter,False,False,2026-02-08T20:52:35.088832
10532,computer science,B,Polite,gemini-3,0,10,3,I,I,Strategy 1: Exact single letter,False,False,2026-02-08T20:52:35.088832
7329,economics,B,Polite,gemini-3,0,10,4,B,B,Strategy 1: Exact single letter,True,False,2026-02-08T20:52:35.090204
11862,engineering,C,Polite,gemini-3,0,10,5,I,I,Strategy 1: Exact single letter,False,False,2026-02-08T20:52:35.091215
6089,health,B,Polite,gemini-3,0,10,6,B,B,Strategy 1: Exact single letter,True,False,2026-02-08T20:52:35.091215
4942,history,F,Polite,gemini-3,0,10,7,F,F,Strategy 1: Exact single letter,True,False,2026-02-08T20:52:35.092217
1200,law,D,Polite,gemini-3,0,7,8,D,D,Strategy 1: Exact single letter,True,False,2026-02-08T20:52:35.092217
8058,math,I,Polite,gemini-3,0,10,9,I,I,Strategy 1: Exact single letter,True,False,2026-02-08T20:52:35.092217
2926,biology,I,Neutral,gemini-3,0,10,0,I,I,Strategy 1: Exact single letter,True,False,2026-02-08T20:52:37.193977
586,business,F,Neutral,gemini-3,0,10,1,B,B,Strategy 1: Exact single letter,False,False,2026-02-08T20:52:37.193977
4315,chemistry,J,Neutral,gemini-3,0,10,2,H,H,Strategy 1: Exact single letter,False,False,2026-02-08T20:52:37.193977
10532,computer science,B,Neutral,gemini-3,0,10,3,I,I,Strategy 1: Exact single letter,False,False,2026-02-08T20:52:37.194984
7329,economics,B,Neutral,gemini-3,0,10,4,B,B,Strategy 1: Exact single letter,True,False,2026-02-08T20:52:37.194984
11862,engineering,C,Neutral,gemini-3,0,10,5,I,I,Strategy 1: Exact single letter,False,False,2026-02-08T20:52:37.194984
6089,health,B,Neutral,gemini-3,0,10,6,B,B,Strategy 1: Exact single letter,True,False,2026-02-08T20:52:37.196078
4942,history,F,Neutral,gemini-3,0,10,7,"D, F, H",D,Strategy 4: First word,False,False,2026-02-08T20:52:37.196078
1200,law,D,Neutral,gemini-3,0,7,8,D,D,Strategy 1: Exact single letter,True,False,2026-02-08T20:52:37.197089
8058,math,I,Neutral,gemini-3,0,10,9,I,I,Strategy 1: Exact single letter,True,False,2026-02-08T20:52:37.197089
2926,biology,I,Rude,gemini-3,0,10,0,I,I,Strategy 1: Exact single letter,True,False,2026-02-08T20:52:40.193452
586,business,F,Rude,gemini-3,0,10,1,D,D,Strategy 1: Exact single letter,False,False,2026-02-08T20:52:40.193452
4315,chemistry,J,Rude,gemini-3,0,10,2,G,G,Strategy 1: Exact single letter,False,False,2026-02-08T20:52:40.193452
10532,computer science,B,Rude,gemini-3,0,10,3,I,I,Strategy 1: Exact single letter,False,False,2026-02-08T20:52:40.194451
7329,economics,B,Rude,gemini-3,0,10,4,B,B,Strategy 1: Exact single letter,True,False,2026-02-08T20:52:40.194451
11862,engineering,C,Rude,gemini-3,0,10,5,I,I,Strategy 1: Exact single letter,False,False,2026-02-08T20:52:40.194451
6089,health,B,Rude,gemini-3,0,10,6,B,B,Strategy 1: Exact single letter,True,False,2026-02-08T20:52:40.195451
4942,history,F,Rude,gemini-3,0,10,7,D,D,Strategy 1: Exact single letter,False,False,2026-02-08T20:52:40.195451
1200,law,D,Rude,gemini-3,0,7,8,G,G,Strategy 1: Exact single letter,False,False,2026-02-08T20:52:40.195451
8058,math,I,Rude,gemini-3,0,10,9,H,H,Strategy 1: Exact single letter,False,False,2026-02-08T20:52:40.196450
2926,biology,I,Very Rude,gemini-3,0,10,0,I,I,Strategy 1: Exact single letter,True,False,2026-02-08T20:52:45.030020
586,business,F,Very Rude,gemini-3,0,10,1,B,B,Strategy 1: Exact single letter,False,False,2026-02-08T20:52:45.031019
4315,chemistry,J,Very Rude,gemini-3,0,10,2,G,G,Strategy 1: Exact single letter,False,False,2026-02-08T20:52:45.032019
10532,computer science,B,Very Rude,gemini-3,0,10,3,I,I,Strategy 1: Exact single letter,False,False,2026-02-08T20:52:45.033020
7329,economics,B,Very Rude,gemini-3,0,10,4,B,B,Strategy 1: Exact single letter,True,False,2026-02-08T20:52:45.034022
11862,engineering,C,Very Rude,gemini-3,0,10,5,I,I,Strategy 1: Exact single letter,False,False,2026-02-08T20:52:45.035019
6089,health,B,Very Rude,gemini-3,0,10,6,B,B,Strategy 1: Exact single letter,True,False,2026-02-08T20:52:45.036026
4942,history,F,Very Rude,gemini-3,0,10,7,F,F,Strategy 1: Exact single letter,True,False,2026-02-08T20:52:45.036026
1200,law,D,Very Rude,gemini-3,0,7,8,E,E,Strategy 1: Exact single letter,False,False,2026-02-08T20:52:45.036026
8058,math,I,Very Rude,gemini-3,0,10,9,H,H,Strategy 1: Exact single letter,False,False,2026-02-08T20:52:45.037014
2926,biology,I,Very Polite,gpt-5.2,1,10,0,I,I,Strategy 1: Exact single letter,True,False,2026-02-08T20:53:28.725456
586,business,F,Very Polite,gpt-5.2,1,10,1,F,F,Strategy 1: Exact single letter,True,False,2026-02-08T20:53:28.725456
4315,chemistry,J,Very Polite,gpt-5.2,1,10,2,J,J,Strategy 1: Exact single letter,True,False,2026-02-08T20:53:28.725456
10532,computer science,B,Very Polite,gpt-5.2,1,10,3,I,I,Strategy 1: Exact single letter,False,False,2026-02-08T20:53:28.725456
7329,economics,B,Very Polite,gpt-5.2,1,10,4,B,B,Strategy 1: Exact single letter,True,False,2026-02-08T20:53:28.725456
11862,engineering,C,Very Polite,gpt-5.2,1,10,5,A,A,Strategy 1: Exact single letter,False,False,2026-02-08T20:53:28.725456
6089,health,B,Very Polite,gpt-5.2,1,10,6,B,B,Strategy 1: Exact single letter,True,False,2026-02-08T20:53:28.725456
4942,history,F,Very Polite,gpt-5.2,1,10,7,F,F,Strategy 1: Exact single letter,True,False,2026-02-08T20:53:28.726960
1200,law,D,Very Polite,gpt-5.2,1,7,8,E,E,Strategy 1: Exact single letter,False,False,2026-02-08T20:53:28.726960
8058,math,I,Very Polite,gpt-5.2,1,10,9,I,I,Strategy 1: Exact single letter,True,False,2026-02-08T20:53:28.726960
2926,biology,I,Polite,gpt-5.2,1,10,0,I,I,Strategy 1: Exact single letter,True,False,2026-02-08T20:54:07.233105
586,business,F,Polite,gpt-5.2,1,10,1,F,F,Strategy 1: Exact single letter,True,False,2026-02-08T20:54:07.234106
4315,chemistry,J,Polite,gpt-5.2,1,10,2,J,J,Strategy 1: Exact single letter,True,False,2026-02-08T20:54:07.234106
10532,computer science,B,Polite,gpt-5.2,1,10,3,I,I,Strategy 1: Exact single letter,False,False,2026-02-08T20:54:07.235108
7329,economics,B,Polite,gpt-5.2,1,10,4,B,B,Strategy 1: Exact single letter,True,False,2026-02-08T20:54:07.235108
11862,engineering,C,Polite,gpt-5.2,1,10,5,D,D,Strategy 1: Exact single letter,False,False,2026-02-08T20:54:07.235108
6089,health,B,Polite,gpt-5.2,1,10,6,B,B,Strategy 1: Exact single letter,True,False,2026-02-08T20:54:07.236105
4942,history,F,Polite,gpt-5.2,1,10,7,F,F,Strategy 1: Exact single letter,True,False,2026-02-08T20:54:07.236105
1200,law,D,Polite,gpt-5.2,1,7,8,E,E,Strategy 1: Exact single letter,False,False,2026-02-08T20:54:07.237100
8058,math,I,Polite,gpt-5.2,1,10,9,I,I,Strategy 1: Exact single letter,True,False,2026-02-08T20:54:07.237100
2926,biology,I,Neutral,gpt-5.2,1,10,0,I,I,Strategy 1: Exact single letter,True,False,2026-02-08T20:54:55.099618
586,business,F,Neutral,gpt-5.2,1,10,1,F,F,Strategy 1: Exact single letter,True,False,2026-02-08T20:54:55.099618
4315,chemistry,J,Neutral,gpt-5.2,1,10,2,J,J,Strategy 1: Exact single letter,True,False,2026-02-08T20:54:55.099618
10532,computer science,B,Neutral,gpt-5.2,1,10,3,I,I,Strategy 1: Exact single letter,False,False,2026-02-08T20:54:55.099618
7329,economics,B,Neutral,gpt-5.2,1,10,4,B,B,Strategy 1: Exact single letter,True,False,2026-02-08T20:54:55.099618
11862,engineering,C,Neutral,gpt-5.2,1,10,5,D,D,Strategy 1: Exact single letter,False,False,2026-02-08T20:54:55.099618
6089,health,B,Neutral,gpt-5.2,1,10,6,B,B,Strategy 1: Exact single letter,True,False,2026-02-08T20:54:55.100613
4942,history,F,Neutral,gpt-5.2,1,10,7,F,F,Strategy 1: Exact single letter,True,False,2026-02-08T20:54:55.100613
1200,law,D,Neutral,gpt-5.2,1,7,8,E,E,Strategy 1: Exact single letter,False,False,2026-02-08T20:54:55.100613
8058,math,I,Neutral,gpt-5.2,1,10,9,I,I,Strategy 1: Exact single letter,True,False,2026-02-08T20:54:55.100613
2926,biology,I,Rude,gpt-5.2,1,10,0,I,I,Strategy 1: Exact single letter,True,False,2026-02-08T20:55:29.397315
586,business,F,Rude,gpt-5.2,1,10,1,F,F,Strategy 1: Exact single letter,True,False,2026-02-08T20:55:29.398324
4315,chemistry,J,Rude,gpt-5.2,1,10,2,J,J,Strategy 1: Exact single letter,True,False,2026-02-08T20:55:29.399323
10532,computer science,B,Rude,gpt-5.2,1,10,3,I,I,Strategy 1: Exact single letter,False,False,2026-02-08T20:55:29.399323
7329,economics,B,Rude,gpt-5.2,1,10,4,B,B,Strategy 1: Exact single letter,True,False,2026-02-08T20:55:29.399323
11862,engineering,C,Rude,gpt-5.2,1,10,5,D,D,Strategy 1: Exact single letter,False,False,2026-02-08T20:55:29.399323
6089,health,B,Rude,gpt-5.2,1,10,6,B,B,Strategy 1: Exact single letter,True,False,2026-02-08T20:55:29.400330
4942,history,F,Rude,gpt-5.2,1,10,7,F,F,Strategy 1: Exact single letter,True,False,2026-02-08T20:55:29.400330
1200,law,D,Rude,gpt-5.2,1,7,8,E,E,Strategy 1: Exact single letter,False,False,2026-02-08T20:55:29.400330
8058,math,I,Rude,gpt-5.2,1,10,9,I,I,Strategy 1: Exact single letter,True,False,2026-02-08T20:55:29.400330
2926,biology,I,Very Rude,gpt-5.2,1,10,0,I,I,Strategy 1: Exact single letter,True,False,2026-02-08T20:56:01.619281
586,business,F,Very Rude,gpt-5.2,1,10,1,F,F,Strategy 1: Exact single letter,True,False,2026-02-08T20:56:01.620282
4315,chemistry,J,Very Rude,gpt-5.2,1,10,2,J,J,Strategy 1: Exact single letter,True,False,2026-02-08T20:56:01.621282
10532,computer science,B,Very Rude,gpt-5.2,1,10,3,I,I,Strategy 1: Exact single letter,False,False,2026-02-08T20:56:01.621282
7329,economics,B,Very Rude,gpt-5.2,1,10,4,B,B,Strategy 1: Exact single letter,True,False,2026-02-08T20:56:01.621282
11862,engineering,C,Very Rude,gpt-5.2,1,10,5,I,I,Strategy 1: Exact single letter,False,False,2026-02-08T20:56:01.622278
6089,health,B,Very Rude,gpt-5.2,1,10,6,B,B,Strategy 1: Exact single letter,True,False,2026-02-08T20:56:01.622278
4942,history,F,Very Rude,gpt-5.2,1,10,7,F,F,Strategy 1: Exact single letter,True,False,2026-02-08T20:56:01.622278
1200,law,D,Very Rude,gpt-5.2,1,7,8,E,E,Strategy 1: Exact single letter,False,False,2026-02-08T20:56:01.623278
8058,math,I,Very Rude,gpt-5.2,1,10,9,I,I,Strategy 1: Exact single letter,True,False,2026-02-08T20:56:01.624281
2926,biology,I,Very Polite,sonnet-4.5,1,10,0,I,I,Strategy 1: Exact single letter,True,False,2026-02-08T20:56:11.859185
586,business,F,Very Polite,sonnet-4.5,1,10,1,"I need to calculate how the $28,600 net income is divided.

Step 1: Mr. Gafney gets 4% of net income as manager
4% × $28,600 = $1,144

Step 2: Each partner gets 6% interest on investment
Mr. Gafney: 6% × $40,000 = $2,400
Ms. Medina: 6% × $50,000 = $3,000

Step 3: Calculate remaining income
$28,600 - $1,144 - $2,400 - $3,000 = $22,056

Step 4: Divide remaining income equally
Each gets: $22,056 ÷ 2 = $11,028

Step 5: Calculate total for each partner
Mr. Gafney: $1,144 + $2,400 + $11,028 = $14,572
Ms. Medina: $3,000 + $11,028 = $14,028

The answer is F.",I,"Strategy 3: ""Answer: X""",False,False,2026-02-08T20:56:11.860399
4315,chemistry,J,Very Polite,sonnet-4.5,1,10,2,"I need to use Raoult's Law to solve this problem.

Raoult's Law: P_solution = X_solvent × P°_solvent

Where:
- P_solution = 615 torr
- P°_solvent = 640 torr
- X_solvent = mole fraction of benzene

First, find the mole fraction of benzene:
615 = X_benzene × 640
X_benzene = 615/640 = 0.9609

Since X_benzene + X_solute = 1:
X_solute = 1 - 0.9609 = 0.0391

Now find moles of benzene:
n_benzene = 53.0 g / 78.0 g/mol = 0.6795 mol

Using mole fractions:
X_solute = n_solute / (n_solute + n_benzene)
0.0391 = n_solute / (n_solute + 0.6795)

Solving for n_solute:
0.0391(n_solute + 0.6795) = n_solute
0.0391 n_solute + 0.0266 = n_solute
0.0266 = n_solute - 0.0391 n_solute
0.0266 = 0.9609 n_solute
n_solute = 0.0277 mol

Molecular weight = mass / moles
MW = 3.68 g / 0.0277 mol = 132.8 g/mol

The closest answer is 133.8 g/mole.

J",I,"Strategy 3: ""Answer: X""",False,False,2026-02-08T20:56:11.861416
10532,computer science,B,Very Polite,sonnet-4.5,1,10,3,I,I,Strategy 1: Exact single letter,False,False,2026-02-08T20:56:11.861416
7329,economics,B,Very Polite,sonnet-4.5,1,10,4,B,B,Strategy 1: Exact single letter,True,False,2026-02-08T20:56:11.861416
11862,engineering,C,Very Polite,sonnet-4.5,1,10,5,"To solve this problem, I need to find the diameter that can withstand both steady and fluctuating loads.

Given:
- Steady load: 7,500 lbs
- Fluctuating load: 0 to 12,500 lbs
- Stress concentration factor (Kt): 2.1
- Factor of safety: 2.1
- Material: AISI-C1035 steel

For AISI-C1035 steel:
- Ultimate strength (Su) ≈ 85,000 psi
- Yield strength (Sy) ≈ 55,000 psi
- Endurance limit (Se) ≈ 0.5 × Su ≈ 42,500 psi

Load analysis:
- Mean load: Pm = 7,500 + (12,500 - 0)/2 = 7,500 + 6,250 = 13,750 lbs
- Alternating load: Pa = (12,500 - 0)/2 = 6,250 lbs

Using Modified Goodman criterion with stress concentration:
- Mean stress: σm = Pm/A
- Alternating stress: σa = (Kt × Pa)/A

The Goodman equation with factor of safety:
σa/Se + σm/Su = 1/n

Where n = 2.1

(Kt × Pa)/(Se × A) + Pm/(Su × A) = 1/2.1

A = 2.1 × [(Kt × Pa)/Se + Pm/Su]

A = 2.1 × [(2.1 × 6,250)/42,500 + 13,750/85,000]
A = 2.1 × [0.309 + 0.162]
A = 2.1 × 0.471
A ≈ 0.989 in²

Diameter: d = √(4A/π) = √(4 × 0.989/π) ≈ 1.12 in

The closest standard size that exceeds this requirement is 1 1/4 in.

A",A,Strategy 5: Last line,False,False,2026-02-08T20:56:11.862409
6089,health,B,Very Polite,sonnet-4.5,1,10,6,B,B,Strategy 1: Exact single letter,True,False,2026-02-08T20:56:11.862409
4942,history,F,Very Polite,sonnet-4.5,1,10,7,D,D,Strategy 1: Exact single letter,False,False,2026-02-08T20:56:11.863407
1200,law,D,Very Polite,sonnet-4.5,1,7,8,E,E,Strategy 1: Exact single letter,False,False,2026-02-08T20:56:11.863407
8058,math,I,Very Polite,sonnet-4.5,1,10,9,"I need to find the determinant of the matrix:
[[0, 1, 2],
 [7, 8, 3],
 [6, 5, 4]]

Using the formula for a 3×3 determinant:
det = 0(8×4 - 3×5) - 1(7×4 - 3×6) + 2(7×5 - 8×6)
det = 0(32 - 15) - 1(28 - 18) + 2(35 - 48)
det = 0(17) - 1(10) + 2(-13)
det = 0 - 10 - 26
det = -36

I",I,Strategy 4: First word,True,False,2026-02-08T20:56:11.864407
2926,biology,I,Polite,sonnet-4.5,1,10,0,I,I,Strategy 1: Exact single letter,True,False,2026-02-08T20:56:21.147420
586,business,F,Polite,sonnet-4.5,1,10,1,"Let me work through this step-by-step.

Given:
- Gafney invested: $40,000
- Medina invested: $50,000
- Net income: $28,600

Distribution order:
1. Gafney gets 4% of net income as manager
2. Each partner gets 6% interest on investment
3. Remaining income split equally

Step 1: Gafney's management fee
4% × $28,600 = $1,144

Step 2: Interest on investments
- Gafney: 6% × $40,000 = $2,400
- Medina: 6% × $50,000 = $3,000
- Total interest: $5,400

Step 3: Remaining income
$28,600 - $1,144 - $5,400 = $22,056

Step 4: Split remaining equally
Each gets: $22,056 ÷ 2 = $11,028

Step 5: Total for each partner
- Gafney: $1,144 + $2,400 + $11,028 = $14,572
- Medina: $0 + $3,000 + $11,028 = $14,028

F",F,Strategy 5: Last line,True,False,2026-02-08T20:56:21.150270
4315,chemistry,J,Polite,sonnet-4.5,1,10,2,"I need to use Raoult's Law to solve this problem.

Raoult's Law: P_solution = X_solvent × P°_solvent

Where:
- P_solution = 615 torr
- P°_solvent = 640 torr
- X_solvent = mole fraction of benzene

First, find the mole fraction of benzene:
615 = X_benzene × 640
X_benzene = 615/640 = 0.9609

Since X_benzene + X_solute = 1:
X_solute = 1 - 0.9609 = 0.0391

Now find moles of benzene:
n_benzene = 53.0 g / 78.0 g/mol = 0.6795 mol

Using mole fractions:
X_solute = n_solute / (n_solute + n_benzene)
0.0391 = n_solute / (n_solute + 0.6795)

Solving for n_solute:
0.0391(n_solute + 0.6795) = n_solute
0.0391 n_solute + 0.0266 = n_solute
0.0266 = n_solute - 0.0391 n_solute
0.0266 = 0.9609 n_solute
n_solute = 0.0277 mol

Molecular weight of solute:
MW = 3.68 g / 0.0277 mol = 132.8 g/mol

The closest answer is J) 133.8 g/mole

J",I,"Strategy 3: ""Answer: X""",False,False,2026-02-08T20:56:21.150270
10532,computer science,B,Polite,sonnet-4.5,1,10,3,I,I,Strategy 1: Exact single letter,False,False,2026-02-08T20:56:21.151567
7329,economics,B,Polite,sonnet-4.5,1,10,4,B,B,Strategy 1: Exact single letter,True,False,2026-02-08T20:56:21.151567
11862,engineering,C,Polite,sonnet-4.5,1,10,5,"To solve this problem, I need to find the diameter that can withstand both steady and fluctuating loads.

Given:
- Steady load: 7,500 lbs
- Fluctuating load: 0 to 12,500 lbs
- Stress concentration factor (Kt): 2.1
- Factor of safety: 2.1
- Material: AISI-C1035 steel

For AISI-C1035 steel:
- Ultimate strength (Su) ≈ 85,000 psi
- Yield strength (Sy) ≈ 55,000 psi
- Endurance limit (Se) ≈ 0.5 × Su ≈ 42,500 psi

Total loads:
- Mean load: Pm = 7,500 + (12,500/2) = 7,500 + 6,250 = 13,750 lbs
- Alternating load: Pa = 12,500/2 = 6,250 lbs

Mean stress: σm = Pm/A = 13,750/A
Alternating stress: σa = (Kt × Pa)/A = (2.1 × 6,250)/A = 13,125/A

Using modified Goodman criterion:
(σa/Se) + (σm/Su) = 1/n

Where n = factor of safety = 2.1

(13,125/A)/42,500 + (13,750/A)/85,000 = 1/2.1

(13,125)/(42,500A) + (13,750)/(85,000A) = 1/2.1

0.3088/A + 0.1618/A = 0.476

0.4706/A = 0.476

A = 0.4706/0.476 = 0.989 in²

d = √(4A/π) = √(4 × 0.989/π) = √1.259 = 1.122 in

The closest standard size is 1 1/4 in.

**A**",A,Strategy 3: Bold formatting,False,False,2026-02-08T20:56:21.152578
6089,health,B,Polite,sonnet-4.5,1,10,6,B,B,Strategy 1: Exact single letter,True,False,2026-02-08T20:56:21.152578
4942,history,F,Polite,sonnet-4.5,1,10,7,D,D,Strategy 1: Exact single letter,False,False,2026-02-08T20:56:21.153576
1200,law,D,Polite,sonnet-4.5,1,7,8,E,E,Strategy 1: Exact single letter,False,False,2026-02-08T20:56:21.153576
8058,math,I,Polite,sonnet-4.5,1,10,9,"To find the determinant of the 3×3 matrix [[0, 1, 2], [7, 8, 3], [6, 5, 4]], I'll use the formula:

det = 0(8×4 - 3×5) - 1(7×4 - 3×6) + 2(7×5 - 8×6)
det = 0(32 - 15) - 1(28 - 18) + 2(35 - 48)
det = 0(17) - 1(10) + 2(-13)
det = 0 - 10 - 26
det = -36

I",I,Strategy 5: Last line,True,False,2026-02-08T20:56:21.154577
2926,biology,I,Neutral,sonnet-4.5,1,10,0,I,I,Strategy 1: Exact single letter,True,False,2026-02-08T20:56:31.225918
586,business,F,Neutral,sonnet-4.5,1,10,1,"Looking at this problem, I need to distribute the $28,600 net income in three steps:

1. **Manager's share (Mr. Gafney)**: 4% of $28,600
   = 0.04 × $28,600 = $1,144

2. **Interest on investments** (6% each):
   - Mr. Gafney: 6% of $40,000 = $2,400
   - Ms. Medina: 6% of $50,000 = $3,000
   - Total interest: $5,400

3. **Remaining income divided equally**:
   - Remaining = $28,600 - $1,144 - $5,400 = $22,056
   - Each partner gets: $22,056 ÷ 2 = $11,028

**Total for each partner**:
- Mr. Gafney: $1,144 + $2,400 + $11,028 = $14,572
- Ms. Medina: $3,000 + $11,028 = $14,028

**C**",C,Strategy 3: Bold formatting,False,False,2026-02-08T20:56:31.226918
4315,chemistry,J,Neutral,sonnet-4.5,1,10,2,"I need to use Raoult's Law to find the molecular weight of the solute.

Raoult's Law: P_solution = X_solvent × P°_solvent

Where:
- P_solution = 615 torr
- P°_solvent = 640 torr
- X_solvent = mole fraction of benzene

First, find the mole fraction of benzene:
615 = X_benzene × 640
X_benzene = 615/640 = 0.9609375

Since X_benzene + X_solute = 1:
X_solute = 1 - 0.9609375 = 0.0390625

Now find moles of benzene:
n_benzene = 53.0 g / 78.0 g/mol = 0.6795 mol

Using mole fractions:
X_solute = n_solute / (n_solute + n_benzene)
0.0390625 = n_solute / (n_solute + 0.6795)

Solving for n_solute:
0.0390625(n_solute + 0.6795) = n_solute
0.0390625 n_solute + 0.02655 = n_solute
0.02655 = n_solute - 0.0390625 n_solute
0.02655 = 0.9609375 n_solute
n_solute = 0.02762 mol

Molecular weight = mass / moles
MW = 3.68 g / 0.02762 mol = 133.2 g/mol

The closest answer is 133.8 g/mole.

J",I,"Strategy 3: ""Answer: X""",False,False,2026-02-08T20:56:31.226918
10532,computer science,B,Neutral,sonnet-4.5,1,10,3,I,I,Strategy 1: Exact single letter,False,False,2026-02-08T20:56:31.228055
7329,economics,B,Neutral,sonnet-4.5,1,10,4,B,B,Strategy 1: Exact single letter,True,False,2026-02-08T20:56:31.228055
11862,engineering,C,Neutral,sonnet-4.5,1,10,5,"To solve this problem, I need to find the diameter that can withstand both steady and fluctuating loads.

Given:
- Steady load: 7,500 lbs
- Fluctuating load: 0 to 12,500 lbs
- Stress concentration factor (Kt): 2.1
- Factor of safety (FS): 2.1
- Material: AISI-C1035 steel

For AISI-C1035 steel:
- Ultimate strength (Su) ≈ 85,000 psi
- Yield strength (Sy) ≈ 55,000 psi
- Endurance limit (Se) ≈ 0.5 × Su ≈ 42,500 psi

Load analysis:
- Mean load: Pm = 7,500 + (12,500 - 0)/2 = 7,500 + 6,250 = 13,750 lbs
- Alternating load: Pa = (12,500 - 0)/2 = 6,250 lbs

Using Modified Goodman criterion with stress concentration:
- Mean stress: σm = Pm/A
- Alternating stress: σa = (Kt × Pa)/A

The Goodman equation with factor of safety:
σa/Se + σm/Su = 1/FS

Substituting:
(Kt × Pa)/(A × Se) + Pm/(A × Su) = 1/FS

(2.1 × 6,250)/(A × 42,500) + 13,750/(A × 85,000) = 1/2.1

13,125/(A × 42,500) + 13,750/(A × 85,000) = 0.476

0.3088/A + 0.1618/A = 0.476

0.4706/A = 0.476

A = 0.989 in²

Diameter: d = √(4A/π) = √(4 × 0.989/π) = 1.122 in

The closest standard size is 1 1/4 in.

A",A,Strategy 5: Last line,False,False,2026-02-08T20:56:31.229193
6089,health,B,Neutral,sonnet-4.5,1,10,6,B,B,Strategy 1: Exact single letter,True,False,2026-02-08T20:56:31.229193
4942,history,F,Neutral,sonnet-4.5,1,10,7,D,D,Strategy 1: Exact single letter,False,False,2026-02-08T20:56:31.230268
1200,law,D,Neutral,sonnet-4.5,1,7,8,E,E,Strategy 1: Exact single letter,False,False,2026-02-08T20:56:31.230268
8058,math,I,Neutral,sonnet-4.5,1,10,9,"To find the determinant of the 3×3 matrix [[0, 1, 2], [7, 8, 3], [6, 5, 4]], I'll use the formula:

det = 0(8×4 - 3×5) - 1(7×4 - 3×6) + 2(7×5 - 8×6)

det = 0(32 - 15) - 1(28 - 18) + 2(35 - 48)

det = 0(17) - 1(10) + 2(-13)

det = 0 - 10 - 26

det = -36

I",I,Strategy 5: Last line,True,False,2026-02-08T20:56:31.231276
2926,biology,I,Rude,sonnet-4.5,1,10,0,I,I,Strategy 1: Exact single letter,True,False,2026-02-08T20:56:40.561322
586,business,F,Rude,sonnet-4.5,1,10,1,"Let me work through this step by step.

Given:
- Gafney invested: $40,000
- Medina invested: $50,000
- Net income: $28,600

Distribution order:
1. Gafney gets 4% of net income as manager
2. Each partner gets 6% interest on investment
3. Remaining is split equally

Step 1: Gafney's management fee
4% × $28,600 = $1,144

Step 2: Interest on investments
Gafney: 6% × $40,000 = $2,400
Medina: 6% × $50,000 = $3,000

Step 3: Remaining income
$28,600 - $1,144 - $2,400 - $3,000 = $22,056
Split equally: $22,056 ÷ 2 = $11,028 each

Total distribution:
Gafney: $1,144 + $2,400 + $11,028 = $14,572
Medina: $3,000 + $11,028 = $14,028

F",F,Strategy 5: Last line,True,False,2026-02-08T20:56:40.562321
4315,chemistry,J,Rude,sonnet-4.5,1,10,2,"I need to use Raoult's Law to solve this problem.

Raoult's Law: P_solution = X_solvent × P°_solvent

Where:
- P_solution = 615 torr
- P°_solvent = 640 torr
- X_solvent = mole fraction of benzene

First, find the mole fraction of benzene:
615 = X_benzene × 640
X_benzene = 615/640 = 0.9609375

Find moles of benzene:
n_benzene = 53.0 g / 78.0 g/mol = 0.6795 mol

Since X_benzene = n_benzene / (n_benzene + n_solute):
0.9609375 = 0.6795 / (0.6795 + n_solute)
0.9609375(0.6795 + n_solute) = 0.6795
0.6529 + 0.9609375(n_solute) = 0.6795
0.9609375(n_solute) = 0.0266
n_solute = 0.0277 mol

Molecular weight of solute:
MW = 3.68 g / 0.0277 mol = 132.8 g/mol

The closest answer is J) 133.8 g/mole

J",I,"Strategy 3: ""Answer: X""",False,False,2026-02-08T20:56:40.562321
10532,computer science,B,Rude,sonnet-4.5,1,10,3,I,I,Strategy 1: Exact single letter,False,False,2026-02-08T20:56:40.563319
7329,economics,B,Rude,sonnet-4.5,1,10,4,B,B,Strategy 1: Exact single letter,True,False,2026-02-08T20:56:40.563319
11862,engineering,C,Rude,sonnet-4.5,1,10,5,"To solve this problem, I need to find the diameter that can withstand both steady and fluctuating loads.

Given:
- Steady load: 7,500 lbs
- Fluctuating load: 0 to 12,500 lbs
- Stress concentration factor (Kt): 2.1
- Factor of safety: 2.1
- Material: AISI-C1035 steel

For AISI-C1035:
- Ultimate strength (Su) ≈ 85,000 psi
- Yield strength (Sy) ≈ 50,000 psi
- Endurance limit (Se) ≈ 0.5 × Su ≈ 42,500 psi

Mean load: Pm = 7,500 + (12,500/2) = 14,000 lbs
Alternating load: Pa = 12,500/2 = 6,250 lbs

Mean stress: σm = Pm/A = 14,000/A
Alternating stress: σa = (Pa × Kt)/A = (6,250 × 2.1)/A = 13,125/A

Using modified Goodman criterion:
(σa/Se) + (σm/Su) = 1/n

(13,125/A)/42,500 + (14,000/A)/85,000 = 1/2.1

13,125/(42,500A) + 14,000/(85,000A) = 1/2.1

0.3088/A + 0.1647/A = 0.476

0.4735/A = 0.476

A = 0.995 in²

d = √(4A/π) = √(4 × 0.995/π) = 1.125 in ≈ 1.125 in

The closest standard size is 1 1/4 in.

A",A,Strategy 5: Last line,False,False,2026-02-08T20:56:40.564319
6089,health,B,Rude,sonnet-4.5,1,10,6,B,B,Strategy 1: Exact single letter,True,False,2026-02-08T20:56:40.564319
4942,history,F,Rude,sonnet-4.5,1,10,7,D,D,Strategy 1: Exact single letter,False,False,2026-02-08T20:56:40.564319
1200,law,D,Rude,sonnet-4.5,1,7,8,E,E,Strategy 1: Exact single letter,False,False,2026-02-08T20:56:40.565320
8058,math,I,Rude,sonnet-4.5,1,10,9,"To find the determinant of [[0, 1, 2], [7, 8, 3], [6, 5, 4]], I'll use the rule of Sarrus or cofactor expansion.

Using the first row:
det = 0(8×4 - 3×5) - 1(7×4 - 3×6) + 2(7×5 - 8×6)
det = 0(32 - 15) - 1(28 - 18) + 2(35 - 48)
det = 0(17) - 1(10) + 2(-13)
det = 0 - 10 - 26
det = -36

I",I,Strategy 5: Last line,True,False,2026-02-08T20:56:40.565320
2926,biology,I,Very Rude,sonnet-4.5,1,10,0,I,I,Strategy 1: Exact single letter,True,False,2026-02-08T20:56:50.584524
586,business,F,Very Rude,sonnet-4.5,1,10,1,"I need to calculate how the $28,600 net income is divided.

Step 1: Mr. Gafney gets 4% of net income as manager
4% × $28,600 = $1,144

Step 2: Each partner gets 6% interest on investment
Mr. Gafney: 6% × $40,000 = $2,400
Ms. Medina: 6% × $50,000 = $3,000

Step 3: Calculate remaining income
$28,600 - $1,144 - $2,400 - $3,000 = $22,056

Step 4: Divide remaining income equally
Each gets: $22,056 ÷ 2 = $11,028

Step 5: Calculate total for each partner
Mr. Gafney: $1,144 + $2,400 + $11,028 = $14,572
Ms. Medina: $3,000 + $11,028 = $14,028

F",I,Strategy 4: First word,False,False,2026-02-08T20:56:50.585523
4315,chemistry,J,Very Rude,sonnet-4.5,1,10,2,"I need to use Raoult's Law for this problem.

Raoult's Law: P_solution = X_solvent × P°_solvent

Where:
- P_solution = 615 torr
- P°_solvent = 640 torr
- X_solvent = mole fraction of benzene

First, find the mole fraction of benzene:
615 = X_benzene × 640
X_benzene = 615/640 = 0.9609375

Since X_benzene + X_solute = 1:
X_solute = 1 - 0.9609375 = 0.0390625

Now find moles of benzene:
n_benzene = 53.0 g / 78.0 g/mol = 0.6795 mol

Using mole fractions:
X_solute = n_solute / (n_solute + n_benzene)
0.0390625 = n_solute / (n_solute + 0.6795)

Solving for n_solute:
0.0390625(n_solute + 0.6795) = n_solute
0.0390625 n_solute + 0.02655 = n_solute
0.02655 = n_solute - 0.0390625 n_solute
0.02655 = 0.9609375 n_solute
n_solute = 0.02762 mol

Molecular weight = mass / moles
MW = 3.68 g / 0.02762 mol = 133.2 g/mol

The closest answer is 133.8 g/mol.

J",I,"Strategy 3: ""Answer: X""",False,False,2026-02-08T20:56:50.585523
10532,computer science,B,Very Rude,sonnet-4.5,1,10,3,I,I,Strategy 1: Exact single letter,False,False,2026-02-08T20:56:50.585523
7329,economics,B,Very Rude,sonnet-4.5,1,10,4,B,B,Strategy 1: Exact single letter,True,False,2026-02-08T20:56:50.585523
11862,engineering,C,Very Rude,sonnet-4.5,1,10,5,"To solve this problem, I need to find the diameter that can withstand both steady and fluctuating loads.

Given:
- Steady load: 7,500 lbs
- Fluctuating load: 0 to 12,500 lbs
- Stress concentration factor (Kt): 2.1
- Factor of safety: 2.1
- Material: AISI-C1035 steel

For AISI-C1035:
- Ultimate strength (Su) ≈ 85,000 psi
- Yield strength (Sy) ≈ 50,000 psi
- Endurance limit (Se) ≈ 0.5 × Su ≈ 42,500 psi

Load analysis:
- Mean load: Pm = 7,500 + (12,500/2) = 14,000 lbs
- Alternating load: Pa = 12,500/2 = 6,250 lbs

Stresses:
- Mean stress: σm = Pm/A = 14,000/A
- Alternating stress: σa = (Pa × Kt)/A = (6,250 × 2.1)/A = 13,125/A

Using Modified Goodman criterion:
(σa/Se) + (σm/Su) = 1/n

Where n = 2.1 (factor of safety)

(13,125/A)/42,500 + (14,000/A)/85,000 = 1/2.1

(13,125/42,500 + 14,000/85,000)/A = 1/2.1

(0.3088 + 0.1647)/A = 0.476

0.4735/A = 0.476

A = 0.995 in²

Diameter: d = √(4A/π) = √(4 × 0.995/π) = 1.125 in ≈ 1.25 in

A",A,Strategy 5: Last line,False,False,2026-02-08T20:56:50.587031
6089,health,B,Very Rude,sonnet-4.5,1,10,6,B,B,Strategy 1: Exact single letter,True,False,2026-02-08T20:56:50.588041
4942,history,F,Very Rude,sonnet-4.5,1,10,7,D,D,Strategy 1: Exact single letter,False,False,2026-02-08T20:56:50.588041
1200,law,D,Very Rude,sonnet-4.5,1,7,8,E,E,Strategy 1: Exact single letter,False,False,2026-02-08T20:56:50.589039
8058,math,I,Very Rude,sonnet-4.5,1,10,9,"I need to find the determinant of the 3×3 matrix:
[[0, 1, 2],
 [7, 8, 3],
 [6, 5, 4]]

Using the formula for a 3×3 determinant:
det = 0(8×4 - 3×5) - 1(7×4 - 3×6) + 2(7×5 - 8×6)
det = 0(32 - 15) - 1(28 - 18) + 2(35 - 48)
det = 0(17) - 1(10) + 2(-13)
det = 0 - 10 - 26
det = -36

I",I,Strategy 4: First word,True,False,2026-02-08T20:56:50.589039
2926,biology,I,Very Polite,gemini-3,1,10,0,I,I,Strategy 1: Exact single letter,True,False,2026-02-08T20:56:52.614958
586,business,F,Very Polite,gemini-3,1,10,1,C,C,Strategy 1: Exact single letter,False,False,2026-02-08T20:56:52.614958
4315,chemistry,J,Very Polite,gemini-3,1,10,2,G,G,Strategy 1: Exact single letter,False,False,2026-02-08T20:56:52.615969
10532,computer science,B,Very Polite,gemini-3,1,10,3,I,I,Strategy 1: Exact single letter,False,False,2026-02-08T20:56:52.616956
7329,economics,B,Very Polite,gemini-3,1,10,4,B,B,Strategy 1: Exact single letter,True,False,2026-02-08T20:56:52.616956
11862,engineering,C,Very Polite,gemini-3,1,10,5,I,I,Strategy 1: Exact single letter,False,False,2026-02-08T20:56:52.618063
6089,health,B,Very Polite,gemini-3,1,10,6,B,B,Strategy 1: Exact single letter,True,False,2026-02-08T20:56:52.619087
4942,history,F,Very Polite,gemini-3,1,10,7,F,F,Strategy 1: Exact single letter,True,False,2026-02-08T20:56:52.620065
1200,law,D,Very Polite,gemini-3,1,7,8,B,B,Strategy 1: Exact single letter,False,False,2026-02-08T20:56:52.620065
8058,math,I,Very Polite,gemini-3,1,10,9,I,I,Strategy 1: Exact single letter,True,False,2026-02-08T20:56:52.621079
2926,biology,I,Polite,gemini-3,1,10,0,I,I,Strategy 1: Exact single letter,True,False,2026-02-08T20:57:04.911211
586,business,F,Polite,gemini-3,1,10,1,B,B,Strategy 1: Exact single letter,False,False,2026-02-08T20:57:04.912562
4315,chemistry,J,Polite,gemini-3,1,10,2,G,G,Strategy 1: Exact single letter,False,False,2026-02-08T20:57:04.913576
10532,computer science,B,Polite,gemini-3,1,10,3,I,I,Strategy 1: Exact single letter,False,False,2026-02-08T20:57:04.913576
7329,economics,B,Polite,gemini-3,1,10,4,B,B,Strategy 1: Exact single letter,True,False,2026-02-08T20:57:04.913576
11862,engineering,C,Polite,gemini-3,1,10,5,I,I,Strategy 1: Exact single letter,False,False,2026-02-08T20:57:04.914574
6089,health,B,Polite,gemini-3,1,10,6,B,B,Strategy 1: Exact single letter,True,False,2026-02-08T20:57:04.914574
4942,history,F,Polite,gemini-3,1,10,7,F,F,Strategy 1: Exact single letter,True,False,2026-02-08T20:57:04.915574
1200,law,D,Polite,gemini-3,1,7,8,D,D,Strategy 1: Exact single letter,True,False,2026-02-08T20:57:04.915574
8058,math,I,Polite,gemini-3,1,10,9,I,I,Strategy 1: Exact single letter,True,False,2026-02-08T20:57:04.917088
2926,biology,I,Neutral,gemini-3,1,10,0,I,I,Strategy 1: Exact single letter,True,False,2026-02-08T20:57:07.319593
586,business,F,Neutral,gemini-3,1,10,1,B,B,Strategy 1: Exact single letter,False,False,2026-02-08T20:57:07.320588
4315,chemistry,J,Neutral,gemini-3,1,10,2,H,H,Strategy 1: Exact single letter,False,False,2026-02-08T20:57:07.322590
10532,computer science,B,Neutral,gemini-3,1,10,3,I,I,Strategy 1: Exact single letter,False,False,2026-02-08T20:57:07.323589
7329,economics,B,Neutral,gemini-3,1,10,4,B,B,Strategy 1: Exact single letter,True,False,2026-02-08T20:57:07.324590
11862,engineering,C,Neutral,gemini-3,1,10,5,I,I,Strategy 1: Exact single letter,False,False,2026-02-08T20:57:07.325590
6089,health,B,Neutral,gemini-3,1,10,6,B,B,Strategy 1: Exact single letter,True,False,2026-02-08T20:57:07.327103
4942,history,F,Neutral,gemini-3,1,10,7,"D, F, H",D,Strategy 4: First word,False,False,2026-02-08T20:57:07.328117
1200,law,D,Neutral,gemini-3,1,7,8,D,D,Strategy 1: Exact single letter,True,False,2026-02-08T20:57:07.329115
8058,math,I,Neutral,gemini-3,1,10,9,I,I,Strategy 1: Exact single letter,True,False,2026-02-08T20:57:07.330118
2926,biology,I,Rude,gemini-3,1,10,0,I,I,Strategy 1: Exact single letter,True,False,2026-02-08T20:57:15.133101
586,business,F,Rude,gemini-3,1,10,1,C,C,Strategy 1: Exact single letter,False,False,2026-02-08T20:57:15.134101
4315,chemistry,J,Rude,gemini-3,1,10,2,G,G,Strategy 1: Exact single letter,False,False,2026-02-08T20:57:15.134101
10532,computer science,B,Rude,gemini-3,1,10,3,I,I,Strategy 1: Exact single letter,False,False,2026-02-08T20:57:15.134101
7329,economics,B,Rude,gemini-3,1,10,4,B,B,Strategy 1: Exact single letter,True,False,2026-02-08T20:57:15.134101
11862,engineering,C,Rude,gemini-3,1,10,5,I,I,Strategy 1: Exact single letter,False,False,2026-02-08T20:57:15.134101
6089,health,B,Rude,gemini-3,1,10,6,B,B,Strategy 1: Exact single letter,True,False,2026-02-08T20:57:15.135101
4942,history,F,Rude,gemini-3,1,10,7,F,F,Strategy 1: Exact single letter,True,False,2026-02-08T20:57:15.135101
1200,law,D,Rude,gemini-3,1,7,8,B,B,Strategy 1: Exact single letter,False,False,2026-02-08T20:57:15.135101
8058,math,I,Rude,gemini-3,1,10,9,H,H,Strategy 1: Exact single letter,False,False,2026-02-08T20:57:15.135101
2926,biology,I,Very Rude,gemini-3,1,10,0,I,I,Strategy 1: Exact single letter,True,False,2026-02-08T20:57:23.473829
586,business,F,Very Rude,gemini-3,1,10,1,B,B,Strategy 1: Exact single letter,False,False,2026-02-08T20:57:23.474817
4315,chemistry,J,Very Rude,gemini-3,1,10,2,G,G,Strategy 1: Exact single letter,False,False,2026-02-08T20:57:23.474817
10532,computer science,B,Very Rude,gemini-3,1,10,3,I,I,Strategy 1: Exact single letter,False,False,2026-02-08T20:57:23.475817
7329,economics,B,Very Rude,gemini-3,1,10,4,B,B,Strategy 1: Exact single letter,True,False,2026-02-08T20:57:23.475817
11862,engineering,C,Very Rude,gemini-3,1,10,5,I,I,Strategy 1: Exact single letter,False,False,2026-02-08T20:57:23.475817
6089,health,B,Very Rude,gemini-3,1,10,6,B,B,Strategy 1: Exact single letter,True,False,2026-02-08T20:57:23.475817
4942,history,F,Very Rude,gemini-3,1,10,7,F,F,Strategy 1: Exact single letter,True,False,2026-02-08T20:57:23.475817
1200,law,D,Very Rude,gemini-3,1,7,8,B,B,Strategy 1: Exact single letter,False,False,2026-02-08T20:57:23.475817
8058,math,I,Very Rude,gemini-3,1,10,9,A,A,Strategy 1: Exact single letter,False,False,2026-02-08T20:57:23.475817
